{"cameraMode":{"drawMode":0,"name":"Shaded","section":"Shading Mode"},"sceneLighting":false,"audioPlay":false,"sceneViewState":{"showFog":true,"showMaterialUpdate":false,"showSkybox":true,"showFlares":true,"showImageEffects":true,"showParticleSystems":true},"in2DMode":false,"pivot":{"x":-1.5810496807098389,"y":-0.1142578125,"z":-1.3505859375},"rotation":{"x":0.7191197276115418,"y":0.00019192483159713447,"z":-0.00019785227777902037,"w":0.6948861479759216},"size":7.029970169067383,"orthographic":true}