{"cameraMode":{"drawMode":0,"name":"Shaded","section":"Shading Mode"},"sceneLighting":false,"audioPlay":false,"sceneViewState":{"showFog":true,"showMaterialUpdate":false,"showSkybox":true,"showFlares":true,"showImageEffects":true,"showParticleSystems":true},"in2DMode":false,"pivot":{"x":2.5108730792999269,"y":-1.8968839645385743,"z":1.1251811981201172},"rotation":{"x":0.38575196266174319,"y":0.007174170110374689,"z":-0.0029990735929459335,"w":0.922569751739502},"size":12.579172134399414,"orthographic":false}