{"cameraMode":{"drawMode":0,"name":"Shaded","section":"Shading Mode"},"sceneLighting":false,"audioPlay":false,"sceneViewState":{"showFog":true,"showMaterialUpdate":false,"showSkybox":true,"showFlares":true,"showImageEffects":true,"showParticleSystems":true},"in2DMode":false,"pivot":{"x":-4.216214656829834,"y":-5.662491798400879,"z":3.67435359954834},"rotation":{"x":0.3657020032405853,"y":-0.2531318664550781,"z":0.10406188666820526,"w":0.8895826935768127},"size":12.924967765808106,"orthographic":false}