{"cameraMode":{"drawMode":0,"name":"Shaded","section":"Shading Mode"},"sceneLighting":false,"audioPlay":false,"sceneViewState":{"showFog":true,"showMaterialUpdate":false,"showSkybox":true,"showFlares":true,"showImageEffects":true,"showParticleSystems":true},"in2DMode":false,"pivot":{"x":-1.1208117008209229,"y":-6.869253158569336,"z":7.912543773651123},"rotation":{"x":0.32707634568214419,"y":-0.14774225652217866,"z":0.05185304582118988,"w":0.9319359660148621},"size":19.207733154296876,"orthographic":false}