{"cameraMode":{"drawMode":0,"name":"Shaded","section":"Shading Mode"},"sceneLighting":false,"audioPlay":false,"sceneViewState":{"showFog":true,"showMaterialUpdate":false,"showSkybox":true,"showFlares":true,"showImageEffects":true,"showParticleSystems":true},"in2DMode":false,"pivot":{"x":-3.963176727294922,"y":-3.0108370780944826,"z":-0.15216064453125},"rotation":{"x":0.1834149807691574,"y":-0.7735196352005005,"z":0.25851503014564516,"w":0.5488135814666748},"size":13.314019203186036,"orthographic":false}