{"cameraMode":{"drawMode":0,"name":"Shaded","section":"Shading Mode"},"sceneLighting":false,"audioPlay":false,"sceneViewState":{"showFog":true,"showMaterialUpdate":false,"showSkybox":true,"showFlares":true,"showImageEffects":true,"showParticleSystems":true},"in2DMode":false,"pivot":{"x":-1.6484434604644776,"y":-7.6199445724487309,"z":3.0823211669921877},"rotation":{"x":0.4622989296913147,"y":-0.19237937033176423,"z":0.10348857939243317,"w":0.8593951463699341},"size":19.569337844848634,"orthographic":false}