{"cameraMode":{"drawMode":0,"name":"Shaded","section":"Shading Mode"},"sceneLighting":true,"audioPlay":false,"sceneViewState":{"showFog":true,"showMaterialUpdate":false,"showSkybox":true,"showFlares":true,"showImageEffects":true,"showParticleSystems":true},"in2DMode":false,"pivot":{"x":-13.923233032226563,"y":-12.441487312316895,"z":17.49828338623047},"rotation":{"x":0.28734445571899416,"y":-0.3613758981227875,"z":0.11811420321464539,"w":0.8791415095329285},"size":42.492549896240237,"orthographic":false}