{"cameraMode":{"drawMode":0,"name":"Shaded","section":"Shading Mode"},"sceneLighting":false,"audioPlay":false,"sceneViewState":{"showFog":true,"showMaterialUpdate":false,"showSkybox":true,"showFlares":true,"showImageEffects":true,"showParticleSystems":true},"in2DMode":false,"pivot":{"x":-2.5614709854125978,"y":-5.068673133850098,"z":4.179368495941162},"rotation":{"x":0.32673904299736025,"y":-0.2694603204727173,"z":0.09776142984628678,"w":0.900597333908081},"size":14.87886905670166,"orthographic":false}