{"cameraMode":{"drawMode":0,"name":"Shaded","section":"Shading Mode"},"sceneLighting":false,"audioPlay":false,"sceneViewState":{"showFog":true,"showMaterialUpdate":false,"showSkybox":true,"showFlares":true,"showImageEffects":true,"showParticleSystems":true},"in2DMode":false,"pivot":{"x":-1.2915754318237305,"y":-1.2736272811889649,"z":5.854852676391602},"rotation":{"x":0.37143149971961977,"y":-0.045675117522478107,"z":0.01829872652888298,"w":0.9271556735038757},"size":26.486026763916017,"orthographic":false}