{"cameraMode":{"drawMode":0,"name":"Shaded","section":"Shading Mode"},"sceneLighting":false,"audioPlay":false,"sceneViewState":{"showFog":true,"showMaterialUpdate":false,"showSkybox":true,"showFlares":true,"showImageEffects":true,"showParticleSystems":true},"in2DMode":false,"pivot":{"x":-1.4999998807907105,"y":0.24999988079071046,"z":-1.4999998807907105},"rotation":{"x":0.4523269832134247,"y":-0.02249191515147686,"z":0.011412546969950199,"w":0.8914954662322998},"size":14.02500057220459,"orthographic":false}