{"cameraMode":{"drawMode":0,"name":"Shaded","section":"Shading Mode"},"sceneLighting":false,"audioPlay":false,"sceneViewState":{"showFog":true,"showMaterialUpdate":false,"showSkybox":true,"showFlares":true,"showImageEffects":true,"showParticleSystems":true},"in2DMode":false,"pivot":{"x":1.2596371173858643,"y":0.33940815925598147,"z":-1.887110710144043},"rotation":{"x":0.17791056632995606,"y":-0.2405589073896408,"z":0.044902924448251727,"w":0.953133225440979},"size":5.8115081787109379,"orthographic":false}