{"cameraMode":{"drawMode":0,"name":"Shaded","section":"Shading Mode"},"sceneLighting":true,"audioPlay":false,"sceneViewState":{"showFog":true,"showMaterialUpdate":true,"showSkybox":true,"showFlares":true,"showImageEffects":true,"showParticleSystems":true},"in2DMode":false,"pivot":{"x":-2.272810697555542,"y":-1.6129875183105469,"z":7.4922027587890629},"rotation":{"x":0.13383540511131288,"y":-0.15393589437007905,"z":0.021049216389656068,"w":0.978751540184021},"size":21.733253479003908,"orthographic":false}